ALABAMA,AL
ARIZONA,AZ
ARKANSAS,AR
CALIFORNIA,CA
COLORADO,CO
CONNECTICUT,CT
DISTRICT OF COLUMBIA,DC
D.C.,DC
WASHINGTON D.C.,DC
WASHINGTON DC,DC
DELAWARE,DE
FLORIDA,FL
GEORGIA,GA
IDAHO,ID
ILLINOIS,IL
INDIANA,IN
IOWA,IA
KANSAS,KS
KENTUCKY,KY
LOUISIANA,LA
MAINE,ME
MARYLAND,MD
MASSACHUSETTS,MA
MICHIGAN,MI
MINNESOTA,MN
MISSISSIPPI,MS
MISSOURI,MO
MONTANA,MT
NEBRASKA,NE
NEVADA,NV
NEW HAMPSHIRE,NH
NEW JERSEY,NJ
NEW MEXICO,NM
NEW YORK,NY
NORTH CAROLINA,NC
NORTH DAKOTA,ND
OHIO,OH
OKLAHOMA,OK
OREGON,OR
PENNSYLVANIA,PA
PUERTO RICO,PR
RHODE ISLAND,RI
SOUTH CAROLINA,SC
SOUTH DAKOTA,SD
TENNESSEE,TN
TEXAS,TX
UTAH,UT
VERMONT,VT
VIRGINIA,VA
WASHINGTON,WA
WEST VIRGINIA,WV
WISCONSIN,WI
WYOMING,WY
ALASKA,AK
HAWAII,HI
AL,AL
AZ,AZ
AR,AR
CA,CA
CO,CO
CT,CT
DE,DE
FL,FL
GA,GA
ID,ID
IL,IL
IN,IN
IA,IA
KS,KS
KY,KY
LA,LA
ME,ME
MD,MD
MA,MA
MI,MI
MN,MN
MS,MS
MO,MO
MT,MT
NE,NE
NV,NV
NH,NH
NJ,NJ
NM,NM
NY,NY
NC,NC
ND,ND
OH,OH
OK,OK
OR,OR
PA,PA
RI,RI
SC,SC
SD,SD
TN,TN
TX,TX
UT,UT
VT,VT
VA,VA
WA,WA
WV,WV
WI,WI
WY,WY
AK,AK
HI,HI
